<annotation>
	<folder>Albopictus</folder>
	<filename>albopictus_61_v.JPG</filename>
	<path>C:\Users\umc_1\Almacenamiento\ProyectoDetectarMosquitos\nuevas imagenes etiquetadas\Aedes_images\etiquetadas\Albopictus\albopictus_61_v.JPG</path>
	<source>
		<database>Unknown</database>
	</source>
	<size>
		<width>708</width>
		<height>383</height>
		<depth>3</depth>
	</size>
	<segmented>0</segmented>
	<object>
		<name>Aedes albopictus</name>
		<pose>Unspecified</pose>
		<truncated>0</truncated>
		<difficult>0</difficult>
		<bndbox>
			<xmin>19</xmin>
			<ymin>37</ymin>
			<xmax>697</xmax>
			<ymax>370</ymax>
		</bndbox>
	</object>
</annotation>
