<annotation>
	<folder>Albopictus</folder>
	<filename>albopictus_39.jpg</filename>
	<path>C:\Users\umc_1\Almacenamiento\ProyectoDetectarMosquitos\nuevas imagenes etiquetadas\Aedes_images\etiquetadas\Albopictus\albopictus_39.jpg</path>
	<source>
		<database>Unknown</database>
	</source>
	<size>
		<width>392</width>
		<height>280</height>
		<depth>3</depth>
	</size>
	<segmented>0</segmented>
	<object>
		<name>Aedes albopictus</name>
		<pose>Unspecified</pose>
		<truncated>0</truncated>
		<difficult>0</difficult>
		<bndbox>
			<xmin>104</xmin>
			<ymin>42</ymin>
			<xmax>382</xmax>
			<ymax>260</ymax>
		</bndbox>
	</object>
</annotation>
