<annotation>
	<folder>Albopictus</folder>
	<filename>albopictus_64_v.JPG</filename>
	<path>C:\Users\umc_1\Almacenamiento\ProyectoDetectarMosquitos\nuevas imagenes etiquetadas\Aedes_images\etiquetadas\Albopictus\albopictus_64_v.JPG</path>
	<source>
		<database>Unknown</database>
	</source>
	<size>
		<width>590</width>
		<height>472</height>
		<depth>3</depth>
	</size>
	<segmented>0</segmented>
	<object>
		<name>Aedes albopictus</name>
		<pose>Unspecified</pose>
		<truncated>0</truncated>
		<difficult>0</difficult>
		<bndbox>
			<xmin>81</xmin>
			<ymin>42</ymin>
			<xmax>571</xmax>
			<ymax>312</ymax>
		</bndbox>
	</object>
</annotation>
