<annotation>
	<folder>Albopictus</folder>
	<filename>albopictus_46_v.JPG</filename>
	<path>C:\Users\umc_1\Almacenamiento\ProyectoDetectarMosquitos\nuevas imagenes etiquetadas\Aedes_images\etiquetadas\Albopictus\albopictus_46_v.JPG</path>
	<source>
		<database>Unknown</database>
	</source>
	<size>
		<width>881</width>
		<height>714</height>
		<depth>3</depth>
	</size>
	<segmented>0</segmented>
	<object>
		<name>Aedes albopictus</name>
		<pose>Unspecified</pose>
		<truncated>0</truncated>
		<difficult>0</difficult>
		<bndbox>
			<xmin>112</xmin>
			<ymin>99</ymin>
			<xmax>602</xmax>
			<ymax>564</ymax>
		</bndbox>
	</object>
</annotation>
