<annotation>
	<folder>Albopictus</folder>
	<filename>albopictus_50_v.JPG</filename>
	<path>C:\Users\umc_1\Almacenamiento\ProyectoDetectarMosquitos\nuevas imagenes etiquetadas\Aedes_images\etiquetadas\Albopictus\albopictus_50_v.JPG</path>
	<source>
		<database>Unknown</database>
	</source>
	<size>
		<width>374</width>
		<height>371</height>
		<depth>3</depth>
	</size>
	<segmented>0</segmented>
	<object>
		<name>Aedes albopictus</name>
		<pose>Unspecified</pose>
		<truncated>0</truncated>
		<difficult>0</difficult>
		<bndbox>
			<xmin>8</xmin>
			<ymin>31</ymin>
			<xmax>369</xmax>
			<ymax>356</ymax>
		</bndbox>
	</object>
</annotation>
