<annotation>
	<folder>Albopictus</folder>
	<filename>albopictus_11_v.JPG</filename>
	<path>C:\Users\umc_1\Almacenamiento\ProyectoDetectarMosquitos\nuevas imagenes etiquetadas\Aedes_images\etiquetadas\Albopictus\albopictus_11_v.JPG</path>
	<source>
		<database>Unknown</database>
	</source>
	<size>
		<width>871</width>
		<height>379</height>
		<depth>3</depth>
	</size>
	<segmented>0</segmented>
	<object>
		<name>Aedes albopictus</name>
		<pose>Unspecified</pose>
		<truncated>0</truncated>
		<difficult>0</difficult>
		<bndbox>
			<xmin>99</xmin>
			<ymin>41</ymin>
			<xmax>446</xmax>
			<ymax>350</ymax>
		</bndbox>
	</object>
	<object>
		<name>Aedes albopictus</name>
		<pose>Unspecified</pose>
		<truncated>0</truncated>
		<difficult>0</difficult>
		<bndbox>
			<xmin>455</xmin>
			<ymin>53</ymin>
			<xmax>861</xmax>
			<ymax>357</ymax>
		</bndbox>
	</object>
</annotation>
