<annotation>
	<folder>Albopictus</folder>
	<filename>albopictus_63.JPG</filename>
	<path>C:\Users\umc_1\Almacenamiento\ProyectoDetectarMosquitos\nuevas imagenes etiquetadas\Aedes_images\etiquetadas\Albopictus\albopictus_63.JPG</path>
	<source>
		<database>Unknown</database>
	</source>
	<size>
		<width>778</width>
		<height>468</height>
		<depth>3</depth>
	</size>
	<segmented>0</segmented>
	<object>
		<name>Aedes albopictus</name>
		<pose>Unspecified</pose>
		<truncated>0</truncated>
		<difficult>0</difficult>
		<bndbox>
			<xmin>39</xmin>
			<ymin>56</ymin>
			<xmax>686</xmax>
			<ymax>403</ymax>
		</bndbox>
	</object>
</annotation>
