<annotation>
	<folder>Albopictus</folder>
	<filename>albopictus_23_t.JPG</filename>
	<path>C:\Users\umc_1\Almacenamiento\ProyectoDetectarMosquitos\nuevas imagenes etiquetadas\Aedes_images\etiquetadas\Albopictus\albopictus_23_t.JPG</path>
	<source>
		<database>Unknown</database>
	</source>
	<size>
		<width>865</width>
		<height>494</height>
		<depth>3</depth>
	</size>
	<segmented>0</segmented>
	<object>
		<name>Aedes albopictus</name>
		<pose>Unspecified</pose>
		<truncated>0</truncated>
		<difficult>0</difficult>
		<bndbox>
			<xmin>73</xmin>
			<ymin>62</ymin>
			<xmax>674</xmax>
			<ymax>478</ymax>
		</bndbox>
	</object>
</annotation>
