<annotation>
	<folder>Albopictus</folder>
	<filename>albopictus_17_v.JPG</filename>
	<path>C:\Users\umc_1\Almacenamiento\ProyectoDetectarMosquitos\nuevas imagenes etiquetadas\Aedes_images\etiquetadas\Albopictus\albopictus_17_v.JPG</path>
	<source>
		<database>Unknown</database>
	</source>
	<size>
		<width>560</width>
		<height>449</height>
		<depth>3</depth>
	</size>
	<segmented>0</segmented>
	<object>
		<name>Aedes albopictus</name>
		<pose>Unspecified</pose>
		<truncated>0</truncated>
		<difficult>0</difficult>
		<bndbox>
			<xmin>85</xmin>
			<ymin>145</ymin>
			<xmax>448</xmax>
			<ymax>355</ymax>
		</bndbox>
	</object>
	<object>
		<name>Aedes albopictus</name>
		<pose>Unspecified</pose>
		<truncated>0</truncated>
		<difficult>0</difficult>
		<bndbox>
			<xmin>316</xmin>
			<ymin>74</ymin>
			<xmax>554</xmax>
			<ymax>261</ymax>
		</bndbox>
	</object>
</annotation>
