<annotation>
	<folder>Albopictus</folder>
	<filename>albopictus_11_t.JPG</filename>
	<path>C:\Users\umc_1\Almacenamiento\ProyectoDetectarMosquitos\nuevas imagenes etiquetadas\Aedes_images\etiquetadas\Albopictus\albopictus_11_t.JPG</path>
	<source>
		<database>Unknown</database>
	</source>
	<size>
		<width>868</width>
		<height>377</height>
		<depth>3</depth>
	</size>
	<segmented>0</segmented>
	<object>
		<name>Aedes albopictus</name>
		<pose>Unspecified</pose>
		<truncated>0</truncated>
		<difficult>0</difficult>
		<bndbox>
			<xmin>8</xmin>
			<ymin>40</ymin>
			<xmax>446</xmax>
			<ymax>348</ymax>
		</bndbox>
	</object>
	<object>
		<name>Aedes albopictus</name>
		<pose>Unspecified</pose>
		<truncated>0</truncated>
		<difficult>0</difficult>
		<bndbox>
			<xmin>454</xmin>
			<ymin>51</ymin>
			<xmax>863</xmax>
			<ymax>361</ymax>
		</bndbox>
	</object>
</annotation>
