<annotation>
	<folder>Aegypti</folder>
	<filename>aegypti_51_v.JPG</filename>
	<path>C:\Users\umc_1\Almacenamiento\ProyectoDetectarMosquitos\nuevas imagenes etiquetadas\Aedes_images\etiquetadas\Aegypti\aegypti_51_v.JPG</path>
	<source>
		<database>Unknown</database>
	</source>
	<size>
		<width>296</width>
		<height>299</height>
		<depth>3</depth>
	</size>
	<segmented>0</segmented>
	<object>
		<name>Aedes aegypti</name>
		<pose>Unspecified</pose>
		<truncated>1</truncated>
		<difficult>0</difficult>
		<bndbox>
			<xmin>6</xmin>
			<ymin>10</ymin>
			<xmax>296</xmax>
			<ymax>288</ymax>
		</bndbox>
	</object>
</annotation>
