<annotation>
	<folder>Aegypti</folder>
	<filename>aegypti_47_t.JPG</filename>
	<path>C:\Users\umc_1\Almacenamiento\ProyectoDetectarMosquitos\nuevas imagenes etiquetadas\Aedes_images\etiquetadas\Aegypti\aegypti_47_t.JPG</path>
	<source>
		<database>Unknown</database>
	</source>
	<size>
		<width>533</width>
		<height>257</height>
		<depth>3</depth>
	</size>
	<segmented>0</segmented>
	<object>
		<name>Aedes aegypti</name>
		<pose>Unspecified</pose>
		<truncated>0</truncated>
		<difficult>0</difficult>
		<bndbox>
			<xmin>10</xmin>
			<ymin>8</ymin>
			<xmax>527</xmax>
			<ymax>225</ymax>
		</bndbox>
	</object>
</annotation>
