<annotation>
	<folder>Aegypti</folder>
	<filename>aegypti_14_t.JPG</filename>
	<path>C:\Users\umc_1\Almacenamiento\ProyectoDetectarMosquitos\nuevas imagenes etiquetadas\Aedes_images\etiquetadas\Aegypti\aegypti_14_t.JPG</path>
	<source>
		<database>Unknown</database>
	</source>
	<size>
		<width>590</width>
		<height>391</height>
		<depth>3</depth>
	</size>
	<segmented>0</segmented>
	<object>
		<name>Aedes aegypti</name>
		<pose>Unspecified</pose>
		<truncated>0</truncated>
		<difficult>0</difficult>
		<bndbox>
			<xmin>80</xmin>
			<ymin>76</ymin>
			<xmax>339</xmax>
			<ymax>345</ymax>
		</bndbox>
	</object>
</annotation>
