<annotation>
	<folder>Aegypti</folder>
	<filename>aegypti_44_side.jpg</filename>
	<path>C:\Users\umc_1\Almacenamiento\ProyectoDetectarMosquitos\nuevas imagenes etiquetadas\Aedes_images\etiquetadas\Aegypti\aegypti_44_side.jpg</path>
	<source>
		<database>Unknown</database>
	</source>
	<size>
		<width>449</width>
		<height>449</height>
		<depth>3</depth>
	</size>
	<segmented>0</segmented>
	<object>
		<name>Aedes aegypti</name>
		<pose>Unspecified</pose>
		<truncated>0</truncated>
		<difficult>0</difficult>
		<bndbox>
			<xmin>67</xmin>
			<ymin>139</ymin>
			<xmax>405</xmax>
			<ymax>375</ymax>
		</bndbox>
	</object>
</annotation>
