<annotation>
	<folder>Aegypti</folder>
	<filename>aegypti_13_t.JPG</filename>
	<path>C:\Users\umc_1\Almacenamiento\ProyectoDetectarMosquitos\nuevas imagenes etiquetadas\Aedes_images\etiquetadas\Aegypti\aegypti_13_t.JPG</path>
	<source>
		<database>Unknown</database>
	</source>
	<size>
		<width>477</width>
		<height>328</height>
		<depth>3</depth>
	</size>
	<segmented>0</segmented>
	<object>
		<name>Aedes aegypti</name>
		<pose>Unspecified</pose>
		<truncated>0</truncated>
		<difficult>0</difficult>
		<bndbox>
			<xmin>44</xmin>
			<ymin>46</ymin>
			<xmax>385</xmax>
			<ymax>254</ymax>
		</bndbox>
	</object>
</annotation>
