<annotation>
	<folder>Aegypti</folder>
	<filename>aegypti_63.jpg</filename>
	<path>C:\Users\umc_1\Almacenamiento\ProyectoDetectarMosquitos\nuevas imagenes etiquetadas\Aedes_images\etiquetadas\Aegypti\aegypti_63.jpg</path>
	<source>
		<database>Unknown</database>
	</source>
	<size>
		<width>3794</width>
		<height>2177</height>
		<depth>3</depth>
	</size>
	<segmented>0</segmented>
	<object>
		<name>Aedes aegypti</name>
		<pose>Unspecified</pose>
		<truncated>0</truncated>
		<difficult>0</difficult>
		<bndbox>
			<xmin>113</xmin>
			<ymin>179</ymin>
			<xmax>2159</xmax>
			<ymax>2118</ymax>
		</bndbox>
	</object>
	<object>
		<name>Aedes aegypti</name>
		<pose>Unspecified</pose>
		<truncated>0</truncated>
		<difficult>0</difficult>
		<bndbox>
			<xmin>2245</xmin>
			<ymin>140</ymin>
			<xmax>3638</xmax>
			<ymax>2022</ymax>
		</bndbox>
	</object>
</annotation>
