<annotation>
	<folder>Aegypti</folder>
	<filename>aegypti_42_v.JPG</filename>
	<path>C:\Users\umc_1\Almacenamiento\ProyectoDetectarMosquitos\nuevas imagenes etiquetadas\Aedes_images\etiquetadas\Aegypti\aegypti_42_v.JPG</path>
	<source>
		<database>Unknown</database>
	</source>
	<size>
		<width>654</width>
		<height>367</height>
		<depth>3</depth>
	</size>
	<segmented>0</segmented>
	<object>
		<name>Aedes aegypti</name>
		<pose>Unspecified</pose>
		<truncated>0</truncated>
		<difficult>0</difficult>
		<bndbox>
			<xmin>85</xmin>
			<ymin>6</ymin>
			<xmax>607</xmax>
			<ymax>359</ymax>
		</bndbox>
	</object>
</annotation>
