<annotation>
	<folder>Aegypti</folder>
	<filename>aegypti_60_v.JPG</filename>
	<path>C:\Users\umc_1\Almacenamiento\ProyectoDetectarMosquitos\nuevas imagenes etiquetadas\Aedes_images\etiquetadas\Aegypti\aegypti_60_v.JPG</path>
	<source>
		<database>Unknown</database>
	</source>
	<size>
		<width>594</width>
		<height>483</height>
		<depth>3</depth>
	</size>
	<segmented>0</segmented>
	<object>
		<name>Aedes aegypti</name>
		<pose>Unspecified</pose>
		<truncated>0</truncated>
		<difficult>0</difficult>
		<bndbox>
			<xmin>41</xmin>
			<ymin>2</ymin>
			<xmax>577</xmax>
			<ymax>400</ymax>
		</bndbox>
	</object>
</annotation>
