<annotation>
	<folder>Aegypti</folder>
	<filename>aegypti_28_t.JPG</filename>
	<path>C:\Users\umc_1\Almacenamiento\ProyectoDetectarMosquitos\nuevas imagenes etiquetadas\Aedes_images\etiquetadas\Aegypti\aegypti_28_t.JPG</path>
	<source>
		<database>Unknown</database>
	</source>
	<size>
		<width>947</width>
		<height>259</height>
		<depth>3</depth>
	</size>
	<segmented>0</segmented>
	<object>
		<name>Aedes aegypti</name>
		<pose>Unspecified</pose>
		<truncated>1</truncated>
		<difficult>0</difficult>
		<bndbox>
			<xmin>116</xmin>
			<ymin>3</ymin>
			<xmax>734</xmax>
			<ymax>259</ymax>
		</bndbox>
	</object>
</annotation>
