<annotation>
	<folder>Aegypti</folder>
	<filename>aegypti_63_v.JPG</filename>
	<path>C:\Users\umc_1\Almacenamiento\ProyectoDetectarMosquitos\nuevas imagenes etiquetadas\Aedes_images\etiquetadas\Aegypti\aegypti_63_v.JPG</path>
	<source>
		<database>Unknown</database>
	</source>
	<size>
		<width>769</width>
		<height>443</height>
		<depth>3</depth>
	</size>
	<segmented>0</segmented>
	<object>
		<name>Aedes aegypti</name>
		<pose>Unspecified</pose>
		<truncated>0</truncated>
		<difficult>0</difficult>
		<bndbox>
			<xmin>25</xmin>
			<ymin>40</ymin>
			<xmax>434</xmax>
			<ymax>426</ymax>
		</bndbox>
	</object>
	<object>
		<name>Aedes aegypti</name>
		<pose>Unspecified</pose>
		<truncated>0</truncated>
		<difficult>0</difficult>
		<bndbox>
			<xmin>460</xmin>
			<ymin>32</ymin>
			<xmax>732</xmax>
			<ymax>412</ymax>
		</bndbox>
	</object>
</annotation>
