<annotation>
	<folder>Aegypti</folder>
	<filename>aegypti_18_t.JPG</filename>
	<path>C:\Users\umc_1\Almacenamiento\ProyectoDetectarMosquitos\nuevas imagenes etiquetadas\Aedes_images\etiquetadas\Aegypti\aegypti_18_t.JPG</path>
	<source>
		<database>Unknown</database>
	</source>
	<size>
		<width>452</width>
		<height>339</height>
		<depth>3</depth>
	</size>
	<segmented>0</segmented>
	<object>
		<name>Aedes aegypti</name>
		<pose>Unspecified</pose>
		<truncated>0</truncated>
		<difficult>0</difficult>
		<bndbox>
			<xmin>55</xmin>
			<ymin>78</ymin>
			<xmax>385</xmax>
			<ymax>311</ymax>
		</bndbox>
	</object>
</annotation>
