<annotation>
	<folder>Aegypti</folder>
	<filename>aegypti_11.JPG</filename>
	<path>C:\Users\umc_1\Almacenamiento\ProyectoDetectarMosquitos\nuevas imagenes etiquetadas\Aedes_images\etiquetadas\Aegypti\aegypti_11.JPG</path>
	<source>
		<database>Unknown</database>
	</source>
	<size>
		<width>530</width>
		<height>324</height>
		<depth>3</depth>
	</size>
	<segmented>0</segmented>
	<object>
		<name>Aedes aegypti</name>
		<pose>Unspecified</pose>
		<truncated>0</truncated>
		<difficult>0</difficult>
		<bndbox>
			<xmin>4</xmin>
			<ymin>5</ymin>
			<xmax>335</xmax>
			<ymax>289</ymax>
		</bndbox>
	</object>
</annotation>
