<annotation>
	<folder>Aegypti</folder>
	<filename>aegypti_43_v.JPG</filename>
	<path>C:\Users\umc_1\Almacenamiento\ProyectoDetectarMosquitos\nuevas imagenes etiquetadas\Aedes_images\etiquetadas\Aegypti\aegypti_43_v.JPG</path>
	<source>
		<database>Unknown</database>
	</source>
	<size>
		<width>654</width>
		<height>294</height>
		<depth>3</depth>
	</size>
	<segmented>0</segmented>
	<object>
		<name>Aedes aegypti</name>
		<pose>Unspecified</pose>
		<truncated>0</truncated>
		<difficult>0</difficult>
		<bndbox>
			<xmin>162</xmin>
			<ymin>22</ymin>
			<xmax>539</xmax>
			<ymax>281</ymax>
		</bndbox>
	</object>
</annotation>
