<annotation>
	<folder>Aegypti</folder>
	<filename>aegypti_51_t.JPG</filename>
	<path>C:\Users\umc_1\Almacenamiento\ProyectoDetectarMosquitos\nuevas imagenes etiquetadas\Aedes_images\etiquetadas\Aegypti\aegypti_51_t.JPG</path>
	<source>
		<database>Unknown</database>
	</source>
	<size>
		<width>297</width>
		<height>297</height>
		<depth>3</depth>
	</size>
	<segmented>0</segmented>
	<object>
		<name>Aedes aegypti</name>
		<pose>Unspecified</pose>
		<truncated>1</truncated>
		<difficult>0</difficult>
		<bndbox>
			<xmin>5</xmin>
			<ymin>9</ymin>
			<xmax>297</xmax>
			<ymax>289</ymax>
		</bndbox>
	</object>
</annotation>
