<annotation>
	<folder>Aegypti</folder>
	<filename>aegypti_60_t.JPG</filename>
	<path>C:\Users\umc_1\Almacenamiento\ProyectoDetectarMosquitos\nuevas imagenes etiquetadas\Aedes_images\etiquetadas\Aegypti\aegypti_60_t.JPG</path>
	<source>
		<database>Unknown</database>
	</source>
	<size>
		<width>591</width>
		<height>483</height>
		<depth>3</depth>
	</size>
	<segmented>0</segmented>
	<object>
		<name>Aedes aegypti</name>
		<pose>Unspecified</pose>
		<truncated>1</truncated>
		<difficult>0</difficult>
		<bndbox>
			<xmin>34</xmin>
			<ymin>1</ymin>
			<xmax>576</xmax>
			<ymax>400</ymax>
		</bndbox>
	</object>
</annotation>
