<annotation>
	<folder>Aegypti</folder>
	<filename>aegypti_63_side.jpg</filename>
	<path>C:\Users\umc_1\Almacenamiento\ProyectoDetectarMosquitos\nuevas imagenes etiquetadas\Aedes_images\etiquetadas\Aegypti\aegypti_63_side.jpg</path>
	<source>
		<database>Unknown</database>
	</source>
	<size>
		<width>3794</width>
		<height>2177</height>
		<depth>3</depth>
	</size>
	<segmented>0</segmented>
	<object>
		<name>Aedes aegypti</name>
		<pose>Unspecified</pose>
		<truncated>0</truncated>
		<difficult>0</difficult>
		<bndbox>
			<xmin>177</xmin>
			<ymin>132</ymin>
			<xmax>1609</xmax>
			<ymax>2036</ymax>
		</bndbox>
	</object>
	<object>
		<name>Aedes aegypti</name>
		<pose>Unspecified</pose>
		<truncated>0</truncated>
		<difficult>0</difficult>
		<bndbox>
			<xmin>1674</xmin>
			<ymin>182</ymin>
			<xmax>3688</xmax>
			<ymax>2118</ymax>
		</bndbox>
	</object>
</annotation>
