<annotation>
	<folder>Aegypti</folder>
	<filename>aegypti_24_v.JPG</filename>
	<path>C:\Users\umc_1\Almacenamiento\ProyectoDetectarMosquitos\nuevas imagenes etiquetadas\Aedes_images\etiquetadas\Aegypti\aegypti_24_v.JPG</path>
	<source>
		<database>Unknown</database>
	</source>
	<size>
		<width>426</width>
		<height>598</height>
		<depth>3</depth>
	</size>
	<segmented>0</segmented>
	<object>
		<name>Aedes aegypti</name>
		<pose>Unspecified</pose>
		<truncated>1</truncated>
		<difficult>0</difficult>
		<bndbox>
			<xmin>1</xmin>
			<ymin>53</ymin>
			<xmax>415</xmax>
			<ymax>542</ymax>
		</bndbox>
	</object>
</annotation>
