<annotation>
	<folder>Aegypti</folder>
	<filename>aegypti_46_v.JPG</filename>
	<path>C:\Users\umc_1\Almacenamiento\ProyectoDetectarMosquitos\nuevas imagenes etiquetadas\Aedes_images\etiquetadas\Aegypti\aegypti_46_v.JPG</path>
	<source>
		<database>Unknown</database>
	</source>
	<size>
		<width>652</width>
		<height>407</height>
		<depth>3</depth>
	</size>
	<segmented>0</segmented>
	<object>
		<name>Aedes aegypti</name>
		<pose>Unspecified</pose>
		<truncated>0</truncated>
		<difficult>0</difficult>
		<bndbox>
			<xmin>136</xmin>
			<ymin>68</ymin>
			<xmax>586</xmax>
			<ymax>369</ymax>
		</bndbox>
	</object>
</annotation>
