<annotation>
	<folder>Ambos</folder>
	<filename>los_dos_2_side.jpg</filename>
	<path>C:\Users\umc_1\Almacenamiento\ProyectoDetectarMosquitos\nuevas imagenes etiquetadas\Aedes_images\etiquetadas\Ambos\los_dos_2_side.jpg</path>
	<source>
		<database>Unknown</database>
	</source>
	<size>
		<width>994</width>
		<height>426</height>
		<depth>3</depth>
	</size>
	<segmented>0</segmented>
	<object>
		<name>Aedes albopictus</name>
		<pose>Unspecified</pose>
		<truncated>0</truncated>
		<difficult>0</difficult>
		<bndbox>
			<xmin>516</xmin>
			<ymin>102</ymin>
			<xmax>915</xmax>
			<ymax>405</ymax>
		</bndbox>
	</object>
	<object>
		<name>Aedes aegypti</name>
		<pose>Unspecified</pose>
		<truncated>0</truncated>
		<difficult>0</difficult>
		<bndbox>
			<xmin>34</xmin>
			<ymin>105</ymin>
			<xmax>430</xmax>
			<ymax>410</ymax>
		</bndbox>
	</object>
</annotation>
