<annotation>
	<folder>Ambos</folder>
	<filename>los_4_v.JPG</filename>
	<path>C:\Users\umc_1\Almacenamiento\ProyectoDetectarMosquitos\nuevas imagenes etiquetadas\Aedes_images\etiquetadas\Ambos\los_4_v.JPG</path>
	<source>
		<database>Unknown</database>
	</source>
	<size>
		<width>948</width>
		<height>533</height>
		<depth>3</depth>
	</size>
	<segmented>0</segmented>
	<object>
		<name>Aedes albopictus</name>
		<pose>Unspecified</pose>
		<truncated>0</truncated>
		<difficult>0</difficult>
		<bndbox>
			<xmin>90</xmin>
			<ymin>261</ymin>
			<xmax>337</xmax>
			<ymax>526</ymax>
		</bndbox>
	</object>
	<object>
		<name>Aedes aegypti</name>
		<pose>Unspecified</pose>
		<truncated>0</truncated>
		<difficult>0</difficult>
		<bndbox>
			<xmin>525</xmin>
			<ymin>6</ymin>
			<xmax>917</xmax>
			<ymax>230</ymax>
		</bndbox>
	</object>
</annotation>
