<annotation>
	<folder>Ambos</folder>
	<filename>los_dos_9_v.JPG</filename>
	<path>C:\Users\umc_1\Almacenamiento\ProyectoDetectarMosquitos\nuevas imagenes etiquetadas\Aedes_images\etiquetadas\Ambos\los_dos_9_v.JPG</path>
	<source>
		<database>Unknown</database>
	</source>
	<size>
		<width>593</width>
		<height>339</height>
		<depth>3</depth>
	</size>
	<segmented>0</segmented>
	<object>
		<name>Aedes albopictus</name>
		<pose>Unspecified</pose>
		<truncated>0</truncated>
		<difficult>0</difficult>
		<bndbox>
			<xmin>318</xmin>
			<ymin>22</ymin>
			<xmax>587</xmax>
			<ymax>281</ymax>
		</bndbox>
	</object>
	<object>
		<name>Aedes aegypti</name>
		<pose>Unspecified</pose>
		<truncated>1</truncated>
		<difficult>0</difficult>
		<bndbox>
			<xmin>1</xmin>
			<ymin>17</ymin>
			<xmax>315</xmax>
			<ymax>308</ymax>
		</bndbox>
	</object>
</annotation>
