<annotation>
	<folder>Ambos</folder>
	<filename>los_dos_8_v.JPG</filename>
	<path>C:\Users\umc_1\Almacenamiento\ProyectoDetectarMosquitos\nuevas imagenes etiquetadas\Aedes_images\etiquetadas\Ambos\los_dos_8_v.JPG</path>
	<source>
		<database>Unknown</database>
	</source>
	<size>
		<width>595</width>
		<height>534</height>
		<depth>3</depth>
	</size>
	<segmented>0</segmented>
	<object>
		<name>Aedes albopictus</name>
		<pose>Unspecified</pose>
		<truncated>0</truncated>
		<difficult>0</difficult>
		<bndbox>
			<xmin>302</xmin>
			<ymin>273</ymin>
			<xmax>542</xmax>
			<ymax>489</ymax>
		</bndbox>
	</object>
	<object>
		<name>Aedes aegypti</name>
		<pose>Unspecified</pose>
		<truncated>0</truncated>
		<difficult>0</difficult>
		<bndbox>
			<xmin>31</xmin>
			<ymin>58</ymin>
			<xmax>272</xmax>
			<ymax>290</ymax>
		</bndbox>
	</object>
</annotation>
