<annotation>
	<folder>Ambos</folder>
	<filename>los_dos_8_t.JPG</filename>
	<path>C:\Users\umc_1\Almacenamiento\ProyectoDetectarMosquitos\nuevas imagenes etiquetadas\Aedes_images\etiquetadas\Ambos\los_dos_8_t.JPG</path>
	<source>
		<database>Unknown</database>
	</source>
	<size>
		<width>592</width>
		<height>530</height>
		<depth>3</depth>
	</size>
	<segmented>0</segmented>
	<object>
		<name>Aedes aegypti</name>
		<pose>Unspecified</pose>
		<truncated>0</truncated>
		<difficult>0</difficult>
		<bndbox>
			<xmin>28</xmin>
			<ymin>54</ymin>
			<xmax>274</xmax>
			<ymax>289</ymax>
		</bndbox>
	</object>
	<object>
		<name>Aedes albopictus</name>
		<pose>Unspecified</pose>
		<truncated>0</truncated>
		<difficult>0</difficult>
		<bndbox>
			<xmin>301</xmin>
			<ymin>271</ymin>
			<xmax>544</xmax>
			<ymax>485</ymax>
		</bndbox>
	</object>
</annotation>
