<annotation>
	<folder>Ambos</folder>
	<filename>los_dos_3_v.JPG</filename>
	<path>C:\Users\umc_1\Almacenamiento\ProyectoDetectarMosquitos\nuevas imagenes etiquetadas\Aedes_images\etiquetadas\Ambos\los_dos_3_v.JPG</path>
	<source>
		<database>Unknown</database>
	</source>
	<size>
		<width>418</width>
		<height>208</height>
		<depth>3</depth>
	</size>
	<segmented>0</segmented>
	<object>
		<name>Aedes albopictus</name>
		<pose>Unspecified</pose>
		<truncated>0</truncated>
		<difficult>0</difficult>
		<bndbox>
			<xmin>49</xmin>
			<ymin>17</ymin>
			<xmax>214</xmax>
			<ymax>160</ymax>
		</bndbox>
	</object>
	<object>
		<name>Aedes albopictus</name>
		<pose>Unspecified</pose>
		<truncated>0</truncated>
		<difficult>0</difficult>
		<bndbox>
			<xmin>221</xmin>
			<ymin>23</ymin>
			<xmax>411</xmax>
			<ymax>168</ymax>
		</bndbox>
	</object>
</annotation>
