<annotation>
	<folder>Ambos</folder>
	<filename>los_4_t.JPG</filename>
	<path>C:\Users\umc_1\Almacenamiento\ProyectoDetectarMosquitos\nuevas imagenes etiquetadas\Aedes_images\etiquetadas\Ambos\los_4_t.JPG</path>
	<source>
		<database>Unknown</database>
	</source>
	<size>
		<width>948</width>
		<height>535</height>
		<depth>3</depth>
	</size>
	<segmented>0</segmented>
	<object>
		<name>Aedes aegypti</name>
		<pose>Unspecified</pose>
		<truncated>0</truncated>
		<difficult>0</difficult>
		<bndbox>
			<xmin>523</xmin>
			<ymin>5</ymin>
			<xmax>918</xmax>
			<ymax>232</ymax>
		</bndbox>
	</object>
	<object>
		<name>Aedes albopictus</name>
		<pose>Unspecified</pose>
		<truncated>0</truncated>
		<difficult>0</difficult>
		<bndbox>
			<xmin>84</xmin>
			<ymin>259</ymin>
			<xmax>351</xmax>
			<ymax>525</ymax>
		</bndbox>
	</object>
</annotation>
