<annotation>
	<folder>Ambos</folder>
	<filename>los_dos_5_t.JPG</filename>
	<path>C:\Users\umc_1\Almacenamiento\ProyectoDetectarMosquitos\nuevas imagenes etiquetadas\Aedes_images\etiquetadas\Ambos\los_dos_5_t.JPG</path>
	<source>
		<database>Unknown</database>
	</source>
	<size>
		<width>382</width>
		<height>282</height>
		<depth>3</depth>
	</size>
	<segmented>0</segmented>
	<object>
		<name>Aedes albopictus</name>
		<pose>Unspecified</pose>
		<truncated>0</truncated>
		<difficult>0</difficult>
		<bndbox>
			<xmin>207</xmin>
			<ymin>38</ymin>
			<xmax>376</xmax>
			<ymax>256</ymax>
		</bndbox>
	</object>
	<object>
		<name>Aedes aegypti</name>
		<pose>Unspecified</pose>
		<truncated>0</truncated>
		<difficult>0</difficult>
		<bndbox>
			<xmin>6</xmin>
			<ymin>12</ymin>
			<xmax>192</xmax>
			<ymax>256</ymax>
		</bndbox>
	</object>
</annotation>
