<annotation>
	<folder>Ambos</folder>
	<filename>los_dos_9_t.JPG</filename>
	<path>C:\Users\umc_1\Almacenamiento\ProyectoDetectarMosquitos\nuevas imagenes etiquetadas\Aedes_images\etiquetadas\Ambos\los_dos_9_t.JPG</path>
	<source>
		<database>Unknown</database>
	</source>
	<size>
		<width>591</width>
		<height>341</height>
		<depth>3</depth>
	</size>
	<segmented>0</segmented>
	<object>
		<name>Aedes aegypti</name>
		<pose>Unspecified</pose>
		<truncated>0</truncated>
		<difficult>0</difficult>
		<bndbox>
			<xmin>3</xmin>
			<ymin>11</ymin>
			<xmax>314</xmax>
			<ymax>305</ymax>
		</bndbox>
	</object>
	<object>
		<name>Aedes albopictus</name>
		<pose>Unspecified</pose>
		<truncated>0</truncated>
		<difficult>0</difficult>
		<bndbox>
			<xmin>322</xmin>
			<ymin>11</ymin>
			<xmax>587</xmax>
			<ymax>279</ymax>
		</bndbox>
	</object>
</annotation>
