<annotation>
	<folder>Ambos</folder>
	<filename>los_dos_1_v.JPG</filename>
	<path>C:\Users\umc_1\Almacenamiento\ProyectoDetectarMosquitos\nuevas imagenes etiquetadas\Aedes_images\etiquetadas\Ambos\los_dos_1_v.JPG</path>
	<source>
		<database>Unknown</database>
	</source>
	<size>
		<width>396</width>
		<height>184</height>
		<depth>3</depth>
	</size>
	<segmented>0</segmented>
	<object>
		<name>Aedes albopictus</name>
		<pose>Unspecified</pose>
		<truncated>0</truncated>
		<difficult>0</difficult>
		<bndbox>
			<xmin>212</xmin>
			<ymin>6</ymin>
			<xmax>388</xmax>
			<ymax>140</ymax>
		</bndbox>
	</object>
	<object>
		<name>Aedes aegypti</name>
		<pose>Unspecified</pose>
		<truncated>0</truncated>
		<difficult>0</difficult>
		<bndbox>
			<xmin>8</xmin>
			<ymin>6</ymin>
			<xmax>195</xmax>
			<ymax>143</ymax>
		</bndbox>
	</object>
</annotation>
