<annotation>
	<folder>Ambos</folder>
	<filename>los_dos_3_t.JPG</filename>
	<path>C:\Users\umc_1\Almacenamiento\ProyectoDetectarMosquitos\nuevas imagenes etiquetadas\Aedes_images\etiquetadas\Ambos\los_dos_3_t.JPG</path>
	<source>
		<database>Unknown</database>
	</source>
	<size>
		<width>415</width>
		<height>210</height>
		<depth>3</depth>
	</size>
	<segmented>0</segmented>
	<object>
		<name>Aedes albopictus</name>
		<pose>Unspecified</pose>
		<truncated>0</truncated>
		<difficult>0</difficult>
		<bndbox>
			<xmin>13</xmin>
			<ymin>17</ymin>
			<xmax>208</xmax>
			<ymax>161</ymax>
		</bndbox>
	</object>
	<object>
		<name>Aedes albopictus</name>
		<pose>Unspecified</pose>
		<truncated>0</truncated>
		<difficult>0</difficult>
		<bndbox>
			<xmin>215</xmin>
			<ymin>22</ymin>
			<xmax>408</xmax>
			<ymax>171</ymax>
		</bndbox>
	</object>
</annotation>
