<annotation>
	<folder>Ambos</folder>
	<filename>los_4.jpg</filename>
	<path>C:\Users\umc_1\Almacenamiento\ProyectoDetectarMosquitos\nuevas imagenes etiquetadas\Aedes_images\etiquetadas\Ambos\los_4.jpg</path>
	<source>
		<database>Unknown</database>
	</source>
	<size>
		<width>1706</width>
		<height>960</height>
		<depth>3</depth>
	</size>
	<segmented>0</segmented>
	<object>
		<name>Aedes aegypti</name>
		<pose>Unspecified</pose>
		<truncated>0</truncated>
		<difficult>0</difficult>
		<bndbox>
			<xmin>937</xmin>
			<ymin>4</ymin>
			<xmax>1663</xmax>
			<ymax>416</ymax>
		</bndbox>
	</object>
	<object>
		<name>Aedes albopictus</name>
		<pose>Unspecified</pose>
		<truncated>0</truncated>
		<difficult>0</difficult>
		<bndbox>
			<xmin>153</xmin>
			<ymin>461</ymin>
			<xmax>609</xmax>
			<ymax>948</ymax>
		</bndbox>
	</object>
</annotation>
