<annotation>
	<folder>Ambos</folder>
	<filename>los_dos_8.JPG</filename>
	<path>C:\Users\umc_1\Almacenamiento\ProyectoDetectarMosquitos\nuevas imagenes etiquetadas\Aedes_images\etiquetadas\Ambos\los_dos_8.JPG</path>
	<source>
		<database>Unknown</database>
	</source>
	<size>
		<width>626</width>
		<height>560</height>
		<depth>3</depth>
	</size>
	<segmented>0</segmented>
	<object>
		<name>Aedes aegypti</name>
		<pose>Unspecified</pose>
		<truncated>0</truncated>
		<difficult>0</difficult>
		<bndbox>
			<xmin>32</xmin>
			<ymin>59</ymin>
			<xmax>292</xmax>
			<ymax>305</ymax>
		</bndbox>
	</object>
	<object>
		<name>Aedes albopictus</name>
		<pose>Unspecified</pose>
		<truncated>0</truncated>
		<difficult>0</difficult>
		<bndbox>
			<xmin>319</xmin>
			<ymin>285</ymin>
			<xmax>576</xmax>
			<ymax>512</ymax>
		</bndbox>
	</object>
</annotation>
