<annotation>
	<folder>Ambos</folder>
	<filename>los_dos_2_t.JPG</filename>
	<path>C:\Users\umc_1\Almacenamiento\ProyectoDetectarMosquitos\nuevas imagenes etiquetadas\Aedes_images\etiquetadas\Ambos\los_dos_2_t.JPG</path>
	<source>
		<database>Unknown</database>
	</source>
	<size>
		<width>708</width>
		<height>307</height>
		<depth>3</depth>
	</size>
	<segmented>0</segmented>
	<object>
		<name>Aedes aegypti</name>
		<pose>Unspecified</pose>
		<truncated>0</truncated>
		<difficult>0</difficult>
		<bndbox>
			<xmin>400</xmin>
			<ymin>66</ymin>
			<xmax>685</xmax>
			<ymax>292</ymax>
		</bndbox>
	</object>
	<object>
		<name>Aedes albopictus</name>
		<pose>Unspecified</pose>
		<truncated>0</truncated>
		<difficult>0</difficult>
		<bndbox>
			<xmin>57</xmin>
			<ymin>71</ymin>
			<xmax>342</xmax>
			<ymax>293</ymax>
		</bndbox>
	</object>
</annotation>
