<annotation>
	<folder>Ambos</folder>
	<filename>los_dos_5_v.JPG</filename>
	<path>C:\Users\umc_1\Almacenamiento\ProyectoDetectarMosquitos\nuevas imagenes etiquetadas\Aedes_images\etiquetadas\Ambos\los_dos_5_v.JPG</path>
	<source>
		<database>Unknown</database>
	</source>
	<size>
		<width>382</width>
		<height>286</height>
		<depth>3</depth>
	</size>
	<segmented>0</segmented>
	<object>
		<name>Aedes aegypti</name>
		<pose>Unspecified</pose>
		<truncated>0</truncated>
		<difficult>0</difficult>
		<bndbox>
			<xmin>6</xmin>
			<ymin>36</ymin>
			<xmax>190</xmax>
			<ymax>256</ymax>
		</bndbox>
	</object>
	<object>
		<name>Aedes albopictus</name>
		<pose>Unspecified</pose>
		<truncated>0</truncated>
		<difficult>0</difficult>
		<bndbox>
			<xmin>210</xmin>
			<ymin>40</ymin>
			<xmax>378</xmax>
			<ymax>258</ymax>
		</bndbox>
	</object>
</annotation>
