<annotation>
	<folder>Ambos</folder>
	<filename>los_dos_2_v.JPG</filename>
	<path>C:\Users\umc_1\Almacenamiento\ProyectoDetectarMosquitos\nuevas imagenes etiquetadas\Aedes_images\etiquetadas\Ambos\los_dos_2_v.JPG</path>
	<source>
		<database>Unknown</database>
	</source>
	<size>
		<width>708</width>
		<height>306</height>
		<depth>3</depth>
	</size>
	<segmented>0</segmented>
	<object>
		<name>Aedes albopictus</name>
		<pose>Unspecified</pose>
		<truncated>0</truncated>
		<difficult>0</difficult>
		<bndbox>
			<xmin>59</xmin>
			<ymin>80</ymin>
			<xmax>344</xmax>
			<ymax>291</ymax>
		</bndbox>
	</object>
	<object>
		<name>Aedes aegypti</name>
		<pose>Unspecified</pose>
		<truncated>0</truncated>
		<difficult>0</difficult>
		<bndbox>
			<xmin>401</xmin>
			<ymin>77</ymin>
			<xmax>683</xmax>
			<ymax>292</ymax>
		</bndbox>
	</object>
</annotation>
